id,text,rater_id,annotator_label,bayesian_single_label,bayesian_reliability,bayesian_vectors,original_distribution,crowdtruth_vectors,crowdtruth_reliability,crowdtruth_single_label,majority_vote
eczazk6,Fast as [NAME] will carry me. Seriously uptown to downtown via Claiborne or broad isn‚Äôt that bad,"[74, 42]","[0, 0]",0,"[0.6337493511560878, 0.6207074149873156]","[0.7391714343714338, 0.05154047545896184, 0.20928809016960437]","[0.78698604, 0.10650698, 0.10650698]","[1.0, 0.0, 0.0]","[0.4273910885552474, 0.3726291847027148]",0,0
eczb07q,You blew it. They played you like a fiddle.,"[51, 39]","[2, 2]",0,"[0.6074149763922071, 0.6144449482740086]","[0.5414231521905652, 0.05181050029535107, 0.40676634751408375]","[0.10650698, 0.10650698, 0.78698604]","[0.0, 0.0, 1.0]","[0.4775190149452751, 0.4929427729727826]",1,1
eczb4bm,TL;DR No more Superbowls for [NAME]. Get ready for another winning season that ends in disappointment.,"[49, 81, 52]","[0, 0, 0]",0,"[0.6214876499674086, 0.6097160001684572, 0.6180075076854642]","[0.7618206024738798, 0.04706493463797529, 0.19111446288814496]","[0.909443, 0.0452785, 0.0452785]","[1.0, 0.0, 0.0]","[0.4291272872976747, 0.4563501496908652, 0.4317157797173295]",0,0
eczb527,So much time saved. Not.,"[4, 37, 61]","[0, 0, 0]",0,"[0.6078254731578809, 0.6444963944484807, 0.638724013986116]","[0.7632665614001002, 0.046779208991430635, 0.18995422960846906]","[0.909443, 0.0452785, 0.0452785]","[1.0, 0.0, 0.0]","[0.4356228837287085, 0.433741868451688, 0.4258289550329694]",0,0
eczb6r7,"Emotes have a ridiculous amount of effort put into them, which only makes the fact that nobody uses them sadder","[12, 33, 15, 72, 36]","[0, 2, 0, 2, 0]",0,"[0.5945519284074529, 0.6095460973138277, 0.6553199614074708, 0.6004380836489553, 0.5858628932467697]","[0.6468525459605894, 0.04006573892351173, 0.31308171511589883]","[0.70538451, 0.03511903, 0.25949646]","[0.554161018835852, 0.0, 0.44583898116414794]","[0.4322917830843267, 0.4900538078318776, 0.2327379989072564, 0.436911029778012, 0.4871525092329209]",0,0
eczb770,Just life.. I feel like i'm just a parasite that should be removed.,"[36, 77, 55, 16]","[0, 0, 0, 2]",0,"[0.5858628932467697, 0.6129136809068063, 0.6176446014897122, 0.6057441562714276]","[0.6985940027836344, 0.04343175623944131, 0.2579742409769243]","[0.84379473, 0.04201007, 0.1141952, ]","[0.7416532041215372, 0.0, 0.25834679587846276]","[0.4871525092329209, 0.4546202043370378, 0.4156869482317386, 0.4728562516980114]",0,0
eczbbmd,Thanks for the advice man ! Have a great New Year‚Äôs Eve,"[51, 2, 81]","[0, 0, 0]",0,"[0.6074149763922071, 0.6184867030723337, 0.6097160001684572]","[0.7613469530398531, 0.04715852912971271, 0.19149451783043428]","[0.909443, 0.0452785, 0.0452785]","[1.0, 0.0, 0.0]","[0.4775190149452751, 0.4035801919098294, 0.4563501496908652]",0,0
eczbbwt,*they were not* üòÇ perfect. I‚Äôm sure they were - that mental image is pretty awesome lol,"[37, 36, 4, 61, 7]","[0, 1, 2, 0, 0]",0,"[0.6444963944484807, 0.5858628932467697, 0.6078254731578809, 0.638724013986116, 0.6351410809523286]","[0.6517490148945777, 0.11195944118401835, 0.23629154392140392]","[0.78698604, 0.10650698, 0.10650698]","[0.5440838426676581, 0.24068771419169901, 0.21522844314064268]","[0.433741868451688, 0.4871525092329209, 0.4356228837287085, 0.4258289550329694, 0.2416561754868616]",0,0
eczbdg4,Glad to hear it. You deserve your best life without that abuse and negativity.,"[39, 4, 2]","[0, 0, 0]",0,"[0.6144449482740086, 0.6078254731578809, 0.6184867030723337]","[0.7615262525173637, 0.04712309903677723, 0.19135064844585897]","[0.909443, 0.0452785, 0.0452785]","[1.0, 0.0, 0.0]","[0.4929427729727826, 0.4356228837287085, 0.4035801919098294]",0,0
eczbe89,To be fair you haev to have a very high iq to understand this meme,"[18, 34, 49, 11, 63]","[0, 0, 0, 0, 0]",0,"[0.6156017437099954, 0.6255498980629698, 0.6214876499674086, 0.7075753387493149, 0.6254838191403074]","[0.8009515604893059, 0.03933254468130231, 0.15971589482939166]","[0.98670329, 0.00664835, 0.00664835]","[1.0, 0.0, 0.0]","[0.4310631293514207, 0.365136311218101, 0.4291272872976747, 0.2342773180805611, 0.4231606900273459]",0,0
eczbfxj,Now this is poke choking!,"[60, 61, 37]","[1, 0, 0]",0,"[0.6283137901954777, 0.638724013986116, 0.6444963944484807]","[0.6730603202770196, 0.13754854397572985, 0.1893911357472505]","[0.66524096, 0.24472847, 0.09003057]","[0.6524509162974188, 0.34754908370258114, 0.0]","[0.4578782014360513, 0.4258289550329694, 0.433741868451688]",0,0
eczbh7y,I was AF enlisted too hahaha,"[2, 70, 16]","[0, 0, 0]",0,"[0.6184867030723337, 0.6319421061608262, 0.6057441562714276]","[0.7620624515590814, 0.04701714456248811, 0.19092040387843057]","[0.909443, 0.0452785, 0.0452785]","[1.0, 0.0, 0.0]","[0.4035801919098294, 0.4341085141793112, 0.4728562516980114]",0,0
eczbjn8,Happy New Year Everybody!,"[2, 42, 15]","[0, 0, 0]",0,"[0.6184867030723337, 0.6207074149873156, 0.6553199614074708]","[0.7633856471542442, 0.04675567730357977, 0.1898586755421761]","[0.909443, 0.0452785, 0.0452785]","[1.0, 0.0, 0.0]","[0.4035801919098294, 0.3726291847027148, 0.2327379989072564]",0,0
eczbonk,"If things were not as they are, they would be completely different. SO WHAT?","[70, 14, 35, 58, 7]","[0, 2, 2, 1, 0]",0,"[0.6319421061608262, 0.5730368896928435, 0.600820268005786, 0.6074334043378428, 0.6351410809523286]","[0.5759849560296442, 0.11552533577365667, 0.3084897081966992]","[0.4223188, 0.1553624, 0.4223188]","[0.36113149990258436, 0.1830007881895133, 0.4558677119079023]","[0.4341085141793112, 0.4297174874240661, 0.4233216491490969, 0.3424388924059806, 0.2416561754868616]",1,0
eczbp9a,Yeah cheers. Hoping it's gonna be better. Happy early new year to you too.,"[61, 46, 70]","[0, 0, 0]",0,"[0.638724013986116, 0.6317670394229804, 0.6319421061608262]","[0.7636571120087875, 0.04670203506681076, 0.18964085292440164]","[0.909443, 0.0452785, 0.0452785]","[1.0, 0.0, 0.0]","[0.4258289550329694, 0.530937499980762, 0.4341085141793112]",0,0
eczbpfi,I would cheer hard for a Cyborg win in that tourney.,"[49, 52, 61]","[0, 0, 0]",0,"[0.6214876499674086, 0.6180075076854642, 0.638724013986116]","[0.7628250937647372, 0.046866444267105026, 0.19030846196815787]","[0.909443, 0.0452785, 0.0452785]","[1.0, 0.0, 0.0]","[0.4291272872976747, 0.4317157797173295, 0.4258289550329694]",0,0
eczbrwg,I don‚Äôt think [NAME] is going anywhere until [NAME] retires.,"[33, 35, 51]","[2, 0, 2]",0,"[0.6095460973138277, 0.600820268005786, 0.6074149763922071]","[0.582224492390373, 0.0472819029106049, 0.370493604699022]","[0.24472847, 0.09003057, 0.66524096]","[0.30435209693718807, 0.0, 0.695647903062812]","[0.4900538078318776, 0.4233216491490969, 0.4775190149452751]",1,1
eczbt6t,I can't tell if you're serious.,"[12, 55, 46]","[0, 1, 1]",0,"[0.5945519284074529, 0.6176446014897122, 0.6317670394229804]","[0.5790812445400084, 0.22965775613171163, 0.19126099932827997]","[0.24472847, 0.66524096, 0.09003057]","[0.31350112013531806, 0.6864988798646819, 0.0]","[0.4322917830843267, 0.4156869482317386, 0.530937499980762]",0.5,0.5
eczbtwc,*When.* When he wins.,"[36, 4, 61, 48, 60]","[2, 0, 0, 0, 1]",0,"[0.5858628932467697, 0.6078254731578809, 0.638724013986116, 0.629081179485067, 0.6283137901954777]","[0.6482589081041308, 0.11751472247996729, 0.23422636941590202]","[0.78698604, 0.10650698, 0.10650698]","[0.5286760578173161, 0.22836184740238655, 0.24296209478029734]","[0.4871525092329209, 0.4356228837287085, 0.4258289550329694, 0.1985730526517936, 0.4578782014360513]",0,0
eczbupd,You do realize that this is the sub for non-Trump supporters to come ask questions to [NAME] supporters. The OPs are all non-Trump supporters,"[10, 31, 61]","[0, 0, 0]",0,"[0.6259405439241075, 0.6178085517181664, 0.638724013986116]","[0.7629716874858742, 0.04683747692578449, 0.19019083558834124]","[0.909443, 0.0452785, 0.0452785]","[1.0, 0.0, 0.0]","[0.4262931027534863, 0.3453438921838313, 0.4258289550329694]",0,0
eczbuvi,It positively reeks of an abusive household,"[76, 18, 15]","[1, 1, 0]",0,"[0.6277959250657631, 0.6156017437099954, 0.6553199614074708]","[0.5832937641486755, 0.22696324566029877, 0.18974299019102575]","[0.24472847, 0.66524096, 0.09003057]","[0.20738535879667996, 0.79261464120332, 0.0]","[0.4584478109030895, 0.4310631293514207, 0.2327379989072564]",0.5,0.5
eczbv4d,Damn it even comes with changeable speedshanks,"[66, 55, 19, 43]","[0, 1, 0, 2]",0,"[0.7063127740450343, 0.6176446014897122, 0.6775443213748539, 0.5853116459947422]","[0.6264179561983914, 0.12389948644689044, 0.24968255735471823]","[0.57611688, 0.21194156, 0.21194156]","[0.5303749021405221, 0.23681746407970355, 0.23280763377977434]","[0.5019739125281311, 0.4156869482317386, 0.4289959606029276, 0.4086484718812624]",0,0
eczbvy8,I really appreciate you saying that And yes he is the cutest,"[15, 2, 20]","[0, 0, 0]",0,"[0.6553199614074708, 0.6184867030723337, 0.6105559852297808]","[0.7630367442703092, 0.04682462151789034, 0.19013863421180055]","[0.909443, 0.0452785, 0.0452785]","[1.0, 0.0, 0.0]","[0.2327379989072564, 0.4035801919098294, 0.4750806913479961]",0,0
eczbz1n,Ouch!!!!! That hurt me just watching.,"[26, 81, 15, 70, 2]","[0, 0, 0, 0, 0]",0,"[0.6016356815496947, 0.6097160001684572, 0.6553199614074708, 0.6319421061608262, 0.6184867030723337]","[0.7990241716640323, 0.03971340226187255, 0.16126242607409522]","[0.98670329, 0.00664835, 0.00664835]","[1.0, 0.0, 0.0]","[0.4841644385427255, 0.4563501496908652, 0.2327379989072564, 0.4341085141793112, 0.4035801919098294]",0,0
eczc1f1,"Can't tell if sarcasm, or an irrelevant statement, but thanks, first thing to see venturing into reddit at 00:15, actually nice :o","[20, 35, 6]","[0, 0, 0]",0,"[0.6105559852297808, 0.600820268005786, 0.5988554751985852]","[0.7604573453370357, 0.047334318172851705, 0.19220833649011262]","[0.909443, 0.0452785, 0.0452785]","[1.0, 0.0, 0.0]","[0.4750806913479961, 0.4233216491490969, 0.4748107311616123]",0,0
eczc1l2,Maybe we will see each other over on that thread and everyone can openly mock me. You should submit it!,"[24, 46, 51, 57, 4]","[2, 1, 2, 0, 2]",0,"[0.6009533242826137, 0.6317670394229804, 0.6074149763922071, 0.6190648651192548, 0.6078254731578809]","[0.49432393511650485, 0.11827465945041299, 0.3874014054330823]","[0.10650698, 0.10650698, 0.78698604]","[0.18325204015109559, 0.22420858770346302, 0.5925393721454415]","[0.490021896742992, 0.530937499980762, 0.4775190149452751, 0.4339502829074469, 0.4356228837287085]",1,1
eczc3pt,I enjoyed [NAME] intermission report where he was very low energy until the end when he squeaked out a HI MOM =D because he's the best,"[54, 55, 33, 38, 34]","[0, 0, 2, 0, 0]",0,"[0.6343643382741446, 0.6176446014897122, 0.6095460973138277, 0.6403250591604528, 0.6255498980629698]","[0.724280973692276, 0.039662928587583864, 0.23605609772014013]","[0.93623955, 0.01714783, 0.04661262]","[0.7474757129516756, 0.0, 0.25252428704832436]","[0.4090978625663743, 0.4156869482317386, 0.4900538078318776, 0.2606455687184416, 0.365136311218101]",0,0
eczc44a,Let's get things back on track! Happy new year!,"[27, 5, 39, 37, 1]","[0, 0, 0, 0, 0]",0,"[0.6002458660526242, 0.6189937653404122, 0.6144449482740086, 0.6444963944484807, 0.5838376231644172]","[0.7976510513571048, 0.03998473478755218, 0.16236421385534297]","[0.98670329, 0.00664835, 0.00664835]","[1.0, 0.0, 0.0]","[0.4383482296832035, 0.4124031261161636, 0.4929427729727826, 0.433741868451688, 0.3410415309742241]",0,0
eczc4q8,Hahahahahahaha give me a piece of that kit Kat bar,"[4, 20, 26]","[0, 0, 0]",0,"[0.6078254731578809, 0.6105559852297808, 0.6016356815496947]","[0.7608010429261107, 0.04726640253979081, 0.19193255453409844]","[0.909443, 0.0452785, 0.0452785]","[1.0, 0.0, 0.0]","[0.4356228837287085, 0.4750806913479961, 0.4841644385427255]",0,0
eczc67g,"This is me yesterday, oh and today. ","[62, 49, 2]","[2, 2, 0]",0,"[0.6060187843990867, 0.6214876499674086, 0.6184867030723337]","[0.5824057424435148, 0.04708705793198472, 0.3705071996245004]","[0.24472847, 0.09003057, 0.66524096]","[0.3152010798363622, 0.0, 0.6847989201636379]","[0.4476821442016212, 0.4291272872976747, 0.4035801919098294]",1,1
eczca53,"My.. friend.. wants him to upload it, if he did!","[36, 30, 29, 58, 35]","[2, 2, 0, 0, 2]",0,"[0.5858628932467697, 0.5967887714503944, 0.6280874465345158, 0.6074334043378428, 0.600820268005786]","[0.5741593723844826, 0.040199272422942266, 0.3856413551925752]","[0.25949646, 0.03511903, 0.70538451]","[0.34211631822248917, 0.0, 0.6578836817775108]","[0.4871525092329209, 0.4430794293205314, 0.3614435457333552, 0.3424388924059806, 0.4233216491490969]",1,1
eczcdr0,it's an amazing feeling! I love being happy :)))),"[51, 49, 40]","[0, 0, 0]",0,"[0.6074149763922071, 0.6214876499674086, 0.5849446361409999]","[0.7605844504209831, 0.04730920184234506, 0.19210634773667185]","[0.909443, 0.0452785, 0.0452785]","[1.0, 0.0, 0.0]","[0.4775190149452751, 0.4291272872976747, 0.4538217271392354]",0,0
eczcf47,"It's probably more like when the only tool you have is a hammer, everything looks like a nail. I'm so sick of this paranoia.","[14, 72, 35, 61, 36]","[0, 0, 0, 1, 0]",0,"[0.5730368896928435, 0.6004380836489553, 0.600820268005786, 0.638724013986116, 0.5858628932467697]","[0.7162022193953639, 0.12015200019183021, 0.16364578041280592]","[0.93623955, 0.04661262, 0.01714783]","[0.8066989691760476, 0.19330103082395256, 0.0]","[0.4297174874240661, 0.436911029778012, 0.4233216491490969, 0.4258289550329694, 0.4871525092329209]",0,0
eczci86,All the best to you in 2019! I hope whatever lies next for you is rewarding. :),"[31, 10, 3]","[0, 0, 0]",0,"[0.6178085517181664, 0.6259405439241075, 0.6379395025417486]","[0.7629446662946138, 0.04684281639096797, 0.19021251731441818]","[0.909443, 0.0452785, 0.0452785]","[1.0, 0.0, 0.0]","[0.3453438921838313, 0.4262931027534863, 0.2027894090674098]",0,0
eczcky9,Yea it‚Äôs so weird,"[55, 36, 20, 49]","[0, 0, 0, 0]",0,"[0.6176446014897122, 0.5858628932467697, 0.6105559852297808, 0.6214876499674086]","[0.7806025459859063, 0.04335356852928096, 0.17604388548481265]","[0.96466316, 0.01766842, 0.01766842]","[1.0, 0.0, 0.0]","[0.4156869482317386, 0.4871525092329209, 0.4750806913479961, 0.4291272872976747]",0,0
eczcn1f,lmao!!,"[61, 37, 4]","[0, 0, 2]",0,"[0.638724013986116, 0.6444963944484807, 0.6078254731578809]","[0.6750614494908155, 0.04677920899143065, 0.27815934151775396]","[0.66524096, 0.09003057, 0.24472847]","[0.6636619825261817, 0.0, 0.33633801747381825]","[0.4258289550329694, 0.433741868451688, 0.4356228837287085]",0,0
eczcnu6,That‚Äôs a lot of chonkers!,"[66, 37, 46, 19, 35]","[0, 0, 0, 0, 2]",0,"[0.7063127740450343, 0.6444963944484807, 0.6317670394229804, 0.6775443213748539, 0.600820268005786]","[0.7297933359073118, 0.03902190844534594, 0.23118475564734223]","[0.93623955, 0.01714783, 0.04661262]","[0.8174527973401974, 0.0, 0.1825472026598026]","[0.5019739125281311, 0.433741868451688, 0.530937499980762, 0.4289959606029276, 0.4233216491490969]",0,0
eczcp10,That‚Äôs what‚Äôs it‚Äôs called or what SHE‚ÄôS called?ü§£,"[66, 37, 70, 72]","[0, 0, 0, 2]",0,"[0.7063127740450343, 0.6444963944484807, 0.6319421061608262, 0.6004380836489553]","[0.7056938755849069, 0.04250951153047271, 0.2517966128846204]","[0.84379473, 0.04201007, 0.1141952, ]","[0.7581765166443445, 0.0, 0.24182348335565557]","[0.5019739125281311, 0.433741868451688, 0.4341085141793112, 0.436911029778012]",0,0
eczcr4g,You're really just having a field day today huh?,"[56, 33, 4, 39, 1]","[0, 2, 0, 0, 0]",0,"[0.6473992945397858, 0.6095460973138277, 0.6078254731578809, 0.6144449482740086, 0.5838376231644172]","[0.7220795940303811, 0.03997960301333223, 0.23794080295628667]","[0.93623955, 0.01714783, 0.04661262]","[0.7399925500126293, 0.0, 0.2600074499873707]","[0.1251073365370502, 0.4900538078318776, 0.4356228837287085, 0.4929427729727826, 0.3410415309742241]",0,0
eczcsct,A great way to start the new year. Happy New year everyone.,"[12, 6, 15]","[0, 0, 0]",0,"[0.5945519284074529, 0.5988554751985852, 0.6553199614074708]","[0.7618037775262138, 0.047068259296070857, 0.19112796317771527]","[0.909443, 0.0452785, 0.0452785]","[1.0, 0.0, 0.0]","[0.4322917830843267, 0.4748107311616123, 0.2327379989072564]",0,0
eczctf2,Interesting. I thought so too. I‚Äôm just thankful I have another parish I can easily drive to for mass. Thanks again,"[52, 51, 37]","[0, 0, 0]",0,"[0.6180075076854642, 0.6074149763922071, 0.6444963944484807]","[0.7625385370708996, 0.046923068694765924, 0.19053839423433444]","[0.909443, 0.0452785, 0.0452785]","[1.0, 0.0, 0.0]","[0.4317157797173295, 0.4775190149452751, 0.433741868451688]",0,0
eczcucn,They bothered to attack darling in the franxx,"[2, 16, 62]","[2, 2, 0]",0,"[0.6184867030723337, 0.6057441562714276, 0.6060187843990867]","[0.5819227707059289, 0.04719559200297487, 0.3708816372910962]","[0.24472847, 0.09003057, 0.66524096]","[0.3380982249801645, 0.0, 0.6619017750198355]","[0.4035801919098294, 0.4728562516980114, 0.4476821442016212]",1,1
eczcvgx,"I always plan that, my wife usually has other ideas though. ","[62, 20, 34]","[2, 2, 1]",0,"[0.6060187843990867, 0.6105559852297808, 0.6255498980629698]","[0.49234107481373013, 0.1385399447635751, 0.36911898042269475]","[0.09003057, 0.24472847, 0.66524096]","[0.0, 0.28351312455986577, 0.7164868754401342]","[0.4476821442016212, 0.4750806913479961, 0.365136311218101]",1,1
eczcz6m,"I love this, and #2","[4, 35, 30]","[0, 0, 2]",0,"[0.6078254731578809, 0.600820268005786, 0.5967887714503944]","[0.6725955184170006, 0.047367684586054434, 0.280036796996945]","[0.66524096, 0.09003057, 0.24472847]","[0.659699481588314, 0.0, 0.34030051841168596]","[0.4356228837287085, 0.4233216491490969, 0.4430794293205314]",0,0
eczd0d6,"You know, unless you die.","[19, 22, 3, 62]","[2, 0, 2, 0]",0,"[0.6775443213748539, 0.586783889448018, 0.6379395025417486, 0.6060187843990867]","[0.607523659107393, 0.042933587518345764, 0.3495427533742612]","[0.46831053, 0.06337894, 0.46831053]","[0.5607493386081258, 0.0, 0.43925066139187424]","[0.4289959606029276, 0.3588578552199614, 0.2027894090674098, 0.4476821442016212]",0,0
eczd1ls,‚ÄòThe Sports Whisperer‚Äô and fake ‚Äò30 For 30‚Äô.,"[37, 39, 26]","[0, 2, 2]",0,"[0.6444963944484807, 0.6144449482740086, 0.6016356815496947]","[0.5849588734520706, 0.04698696251409696, 0.3680541640338324]","[0.24472847, 0.09003057, 0.66524096]","[0.3074332149415819, 0.0, 0.6925667850584182]","[0.433741868451688, 0.4929427729727826, 0.4841644385427255]",1,1
eczd20f,Thanks for giving advice to the people who need it üëåüôè,"[70, 72, 37]","[0, 0, 0]",0,"[0.6319421061608262, 0.6004380836489553, 0.6444963944484807]","[0.7627787895985599, 0.04687559410364514, 0.19034561629779478]","[0.909443, 0.0452785, 0.0452785]","[1.0, 0.0, 0.0]","[0.4341085141793112, 0.436911029778012, 0.433741868451688]",0,0
eczd31f,Reading this made me clutch my nipples in pain,"[37, 52, 27]","[0, 0, 2]",0,"[0.6444963944484807, 0.6180075076854642, 0.6002458660526242]","[0.6748261369667614, 0.04697208645999235, 0.27820177657324624]","[0.66524096, 0.09003057, 0.24472847]","[0.6637933321751078, 0.0, 0.33620666782489206]","[0.433741868451688, 0.4317157797173295, 0.4383482296832035]",0,0
eczd32o,This thread was actually inspired by one of your comments,"[4, 15, 61]","[2, 0, 0]",0,"[0.6078254731578809, 0.6553199614074708, 0.638724013986116]","[0.6755710207287546, 0.04670584946114953, 0.27772312981009584]","[0.66524096, 0.09003057, 0.24472847]","[0.6018763209711754, 0.0, 0.39812367902882456]","[0.4356228837287085, 0.2327379989072564, 0.4258289550329694]",0,0
eczd40x,"You're a freak, you dirty dog you.","[4, 61, 35]","[0, 1, 0]",0,"[0.6078254731578809, 0.638724013986116, 0.600820268005786]","[0.6684763519046265, 0.14035779048266755, 0.191165857612706]","[0.66524096, 0.24472847, 0.09003057]","[0.6685571744437006, 0.3314428255562995, 0.0]","[0.4356228837287085, 0.4258289550329694, 0.4233216491490969]",0,0
eczdac4,Thanks and you too!,"[24, 34, 2]","[0, 0, 0]",0,"[0.6009533242826137, 0.6255498980629698, 0.6184867030723337]","[0.7616737197754948, 0.04709395908203189, 0.19123232114247318]","[0.909443, 0.0452785, 0.0452785]","[1.0, 0.0, 0.0]","[0.490021896742992, 0.365136311218101, 0.4035801919098294]",0,0
eczdadb,"I already have used one, really helped ","[35, 4, 55]","[0, 0, 0]",0,"[0.600820268005786, 0.6078254731578809, 0.6176446014897122]","[0.7610208612273937, 0.04722296581062966, 0.19175617296197672]","[0.909443, 0.0452785, 0.0452785]","[1.0, 0.0, 0.0]","[0.4233216491490969, 0.4356228837287085, 0.4156869482317386]",0,0
eczdawv,Yeah weird feelings too,"[27, 28, 50, 40, 49]","[0, 0, 0, 1, 0]",0,"[0.6002458660526242, 0.5927690006318385, 0.5642997144638008, 0.5849446361409999, 0.6214876499674086]","[0.7217031555394573, 0.11392907468417522, 0.16436776977636752]","[0.93623955, 0.04661262, 0.01714783]","[0.7864897297464707, 0.21351027025352923, 0.0]","[0.4383482296832035, 0.4016597571702835, 0.4025694504365023, 0.4538217271392354, 0.4291272872976747]",0,0
eczdbay,When people don't understand things they invent gods. how little we have changed in all these years.,"[11, 54, 2, 51, 57]","[0, 1, 1, 2, 0]",0,"[0.7075753387493149, 0.6343643382741446, 0.6184867030723337, 0.6074149763922071, 0.6190648651192548]","[0.5735132527080203, 0.19240585810714037, 0.23408088918483935]","[0.4223188, 0.4223188, 0.1553624]","[0.3412066908084284, 0.41496518439296465, 0.24382812479860697]","[0.2342773180805611, 0.4090978625663743, 0.4035801919098294, 0.4775190149452751, 0.4339502829074469]",0.5,0
eczdhfb,"You still look cranky, goodnight.","[18, 51, 57]","[2, 1, 2]",0,"[0.6156017437099954, 0.6074149763922071, 0.6190648651192548]","[0.4923441749331175, 0.1358903193824844, 0.37176550568439803]","[0.09003057, 0.24472847, 0.66524096]","[0.0, 0.3556852745372566, 0.6443147254627433]","[0.4310631293514207, 0.4775190149452751, 0.4339502829074469]",1,1
eczdjqu,"Yes, that might be a good thing","[4, 39, 5]","[0, 0, 0]",0,"[0.6078254731578809, 0.6144449482740086, 0.6189937653404122]","[0.761543927765092, 0.04711960635694144, 0.19133646587796652]","[0.909443, 0.0452785, 0.0452785]","[1.0, 0.0, 0.0]","[0.4356228837287085, 0.4929427729727826, 0.4124031261161636]",0,0
eczdkqb,Why did you expect to feel comfortable? What have you done to change?,"[19, 49, 4, 10, 66]","[0, 0, 1, 2, 0]",0,"[0.6775443213748539, 0.6214876499674086, 0.6078254731578809, 0.6259405439241075, 0.7063127740450343]","[0.6522553116736626, 0.11289848813049022, 0.2348462001958471]","[0.78698604, 0.10650698, 0.10650698]","[0.6121013110653994, 0.1960487427062784, 0.1918499462283221]","[0.4289959606029276, 0.4291272872976747, 0.4356228837287085, 0.4262931027534863, 0.5019739125281311]",0,0
eczdmij,I hope that's all it is. Didn't see him take a hit or anything.,"[4, 74, 39]","[0, 0, 0]",0,"[0.6078254731578809, 0.6337493511560878, 0.6144449482740086]","[0.762057135012714, 0.04701819512735593, 0.19092466985993015]","[0.909443, 0.0452785, 0.0452785]","[1.0, 0.0, 0.0]","[0.4356228837287085, 0.4273910885552474, 0.4929427729727826]",0,0
eczdo4q,Yeah she is. Do you think [NAME] faced the same problems [NAME] had? like you said major problems in the prosecution,"[37, 61, 4]","[2, 2, 0]",0,"[0.6444963944484807, 0.638724013986116, 0.6078254731578809]","[0.5770509374608713, 0.04677920899143064, 0.37616985354769794]","[0.24472847, 0.09003057, 0.66524096]","[0.33633801747381825, 0.0, 0.6636619825261817]","[0.433741868451688, 0.4258289550329694, 0.4356228837287085]",1,1
eczdqqq,This is really cute,"[52, 55, 27]","[0, 0, 0]",0,"[0.6180075076854642, 0.6176446014897122, 0.6002458660526242]","[0.7613567386449032, 0.047156595465983324, 0.1914866658891134]","[0.909443, 0.0452785, 0.0452785]","[1.0, 0.0, 0.0]","[0.4317157797173295, 0.4156869482317386, 0.4383482296832035]",0,0
eczdt62,Your welcome. Feel free to share it to those who also need it. üëç,"[41, 37, 4]","[2, 0, 0]",0,"[0.5854057248122088, 0.6444963944484807, 0.6078254731578809]","[0.6758065187666845, 0.04714397745560538, 0.27704950377771015]","[0.66524096, 0.09003057, 0.24472847]","[0.6515888444620668, 0.0, 0.34841115553793334]","[0.4648581394010569, 0.433741868451688, 0.4356228837287085]",0,0
eczdu8p,"Oooh yes, great idea. Too bad there aren't any other duplicate names","[61, 10, 37]","[0, 0, 0]",0,"[0.638724013986116, 0.6259405439241075, 0.6444963944484807]","[0.7638872508040003, 0.04665655897833772, 0.18945619021766189]","[0.909443, 0.0452785, 0.0452785]","[1.0, 0.0, 0.0]","[0.4258289550329694, 0.4262931027534863, 0.433741868451688]",0,0
eczdv3l,No but some random did afterwards. You‚Äôre welcome.,"[24, 23, 61]","[2, 0, 0]",0,"[0.6009533242826137, 0.6150219706376873, 0.638724013986116]","[0.6743410307610104, 0.047027252536914005, 0.27863171670207565]","[0.66524096, 0.09003057, 0.24472847]","[0.6307219722168819, 0.0, 0.3692780277831181]","[0.490021896742992, 0.411121943450264, 0.4258289550329694]",0,0
eczdvun,Thank you. I really appreciate your response,"[23, 3, 15]","[0, 0, 0]",0,"[0.6150219706376873, 0.6379395025417486, 0.6553199614074708]","[0.7638571904538203, 0.04666249899007305, 0.1894803105561066]","[0.909443, 0.0452785, 0.0452785]","[1.0, 0.0, 0.0]","[0.411121943450264, 0.2027894090674098, 0.2327379989072564]",0,0
eczdwx9,It‚Äôs my birthday too! I‚Äôve always love it!,"[27, 4, 60]","[0, 0, 0]",0,"[0.6002458660526242, 0.6078254731578809, 0.6283137901954777]","[0.7613737441324034, 0.04715323513269677, 0.19147302073489986]","[0.909443, 0.0452785, 0.0452785]","[1.0, 0.0, 0.0]","[0.4383482296832035, 0.4356228837287085, 0.4578782014360513]",0,0
eczdwyd,"Cheers, girl! But yeah, he could return her, but no refund or exchanges for him! ","[21, 3, 46]","[2, 0, 0]",0,"[0.6033463819899904, 0.6379395025417486, 0.6317670394229804]","[0.674862481954638, 0.04690167223084163, 0.27823584581452027]","[0.66524096, 0.09003057, 0.24472847]","[0.604511431125791, 0.0, 0.395488568874209]","[0.4800250090615335, 0.2027894090674098, 0.530937499980762]",0,0
eczdx1e,"Have a good one, mate. I wish you all the loves. Here, a potcoin for you.","[62, 28, 76, 56, 3]","[0, 0, 0, 0, 0]",0,"[0.6060187843990867, 0.5927690006318385, 0.6277959250657631, 0.6473992945397858, 0.6379395025417486]","[0.7988958861902964, 0.03973875184079956, 0.16136536196890397]","[0.98670329, 0.00664835, 0.00664835]","[1.0, 0.0, 0.0]","[0.4476821442016212, 0.4016597571702835, 0.4584478109030895, 0.1251073365370502, 0.2027894090674098]",0,0
eczdygs,How can we expect to devise useful interventions if we don't accept the reality of the situation?,"[37, 61, 4]","[0, 0, 0]",0,"[0.6444963944484807, 0.638724013986116, 0.6078254731578809]","[0.7632665614001002, 0.046779208991430635, 0.18995422960846906]","[0.909443, 0.0452785, 0.0452785]","[1.0, 0.0, 0.0]","[0.433741868451688, 0.4258289550329694, 0.4356228837287085]",0,0
eczdzjj,"I personally like [NAME] and think he could be on the team right now, but the Org doesn't agree.","[33, 40, 5, 57, 27]","[2, 0, 0, 0, 0]",0,"[0.6095460973138277, 0.5849446361409999, 0.6189937653404122, 0.6190648651192548, 0.6002458660526242]","[0.7210327139856564, 0.04013019954274018, 0.23883708647160343]","[0.93623955, 0.01714783, 0.04661262]","[0.7801046274636662, 0.0, 0.21989537253633376]","[0.4900538078318776, 0.4538217271392354, 0.4124031261161636, 0.4339502829074469, 0.4383482296832035]",0,0
ecze0mb,Shit okey I think I‚Äôm ready,"[61, 11, 26, 8, 3]","[1, 0, 0, 2, 0]",0,"[0.638724013986116, 0.7075753387493149, 0.6016356815496947, 0.5713560584767133, 0.6379395025417486]","[0.6516684153568244, 0.11781960534547073, 0.23051197929770498]","[0.78698604, 0.10650698, 0.10650698]","[0.5286145763271262, 0.24434626295323703, 0.22703916071963678]","[0.4258289550329694, 0.2342773180805611, 0.4841644385427255, 0.3956673918082713, 0.2027894090674098]",0,0
ecze0xp,Not surprising.,"[76, 45, 26]","[2, 0, 0]",0,"[0.6277959250657631, 0.6851482198227411, 0.6016356815496947]","[0.6732792203038978, 0.046619994787246974, 0.28010078490885526]","[0.66524096, 0.09003057, 0.24472847]","[0.6623003830154821, 0.0, 0.33769961698451784]","[0.4584478109030895, 0.4149486947944844, 0.4841644385427255]",0,0
ecze3hg,Get your feet off the table...,"[9, 4, 16, 11, 15]","[0, 0, 2, 1, 1]",0,"[0.6975460391022821, 0.6078254731578809, 0.6057441562714276, 0.7075753387493149, 0.6553199614074708]","[0.5649050433760836, 0.20368029266566098, 0.23141466395825547]","[0.4223188, 0.4223188, 0.1553624]","[0.442680575129416, 0.27692795115968316, 0.28039147371090095]","[0.3109200645459612, 0.4356228837287085, 0.4728562516980114, 0.2342773180805611, 0.2327379989072564]",0,0
ecze4ws,It's the giant robot penis. Texas favorite.,"[61, 10, 37]","[0, 0, 0]",0,"[0.638724013986116, 0.6259405439241075, 0.6444963944484807]","[0.7638872508040003, 0.04665655897833773, 0.18945619021766194]","[0.909443, 0.0452785, 0.0452785]","[1.0, 0.0, 0.0]","[0.4258289550329694, 0.4262931027534863, 0.433741868451688]",0,0
ecze4xa,That [NAME] cover though... Turned over to [NAME] at that point.,"[78, 37, 8, 35, 66]","[2, 0, 2, 0, 2]",0,"[0.6149199315021333, 0.6444963944484807, 0.5713560584767133, 0.600820268005786, 0.7063127740450343]","[0.5669733713472263, 0.03961187290475297, 0.3934147557480208]","[0.25949646, 0.03511903, 0.70538451]","[0.3841543428023463, 0.0, 0.6158456571976537]","[0.4763346903292617, 0.433741868451688, 0.3956673918082713, 0.4233216491490969, 0.5019739125281311]",1,1
ecze59x,"Yes, in my opinion they are perfect backcourt fits. [NAME] weaknesses are [NAME] strengths and vice versa","[70, 75, 2]","[0, 0, 0]",0,"[0.6319421061608262, 0.6362986926580664, 0.6184867030723337]","[0.7631181157304296, 0.0468085422831129, 0.19007334198645745]","[0.909443, 0.0452785, 0.0452785]","[1.0, 0.0, 0.0]","[0.4341085141793112, 0.4288338576917094, 0.4035801919098294]",0,0
ecze76e,Nice try GRU.,"[27, 15, 35]","[0, 0, 2]",0,"[0.6002458660526242, 0.6553199614074708, 0.600820268005786]","[0.6744405545392236, 0.047015683040038635, 0.27854376242073786]","[0.66524096, 0.09003057, 0.24472847]","[0.6131957218514855, 0.0, 0.3868042781485144]","[0.4383482296832035, 0.2327379989072564, 0.4233216491490969]",0,0
ecze7gl,We riot if he doesn‚Äôt get it!,"[39, 74, 3]","[2, 0, 2]",0,"[0.6144449482740086, 0.6337493511560878, 0.6379395025417486]","[0.5812272138701303, 0.04681257796243296, 0.3719602081674367]","[0.24472847, 0.09003057, 0.66524096]","[0.38053800481639016, 0.0, 0.6194619951836098]","[0.4929427729727826, 0.4273910885552474, 0.2027894090674098]",1,1
ecze7nx,but time is meaningless,"[61, 60, 37]","[0, 2, 0]",0,"[0.638724013986116, 0.6283137901954777, 0.6444963944484807]","[0.6730603202770196, 0.04664053829444206, 0.2802991414285383]","[0.66524096, 0.09003057, 0.24472847]","[0.6524509162974188, 0.0, 0.34754908370258114]","[0.4258289550329694, 0.4578782014360513, 0.433741868451688]",0,0
ecze9jy,The end was kinda meeeehhhh. Like Season 9 AMIRITE THX,"[58, 36, 35, 7, 29]","[0, 2, 2, 2, 0]",0,"[0.6074334043378428, 0.5858628932467697, 0.600820268005786, 0.6351410809523286, 0.6280874465345158]","[0.5714264203141975, 0.040007927144825546, 0.3885656525409769]","[0.25949646, 0.03511903, 0.70538451]","[0.3792443935489363, 0.0, 0.6207556064510636]","[0.3424388924059806, 0.4871525092329209, 0.4233216491490969, 0.2416561754868616, 0.3614435457333552]",1,1
eczee63,If it makes you feel better im gonna be scrubbing out hard for a while so maybe ill see you round to give me another loss,"[52, 55, 26, 15, 40]","[0, 0, 0, 0, 2]",0,"[0.6180075076854642, 0.6176446014897122, 0.6016356815496947, 0.6553199614074708, 0.5849446361409999]","[0.7256241102864801, 0.03990784088662025, 0.2344680488268995]","[0.93623955, 0.01714783, 0.04661262]","[0.775127258440898, 0.0, 0.22487274155910195]","[0.4317157797173295, 0.4156869482317386, 0.4841644385427255, 0.2327379989072564, 0.4538217271392354]",0,0
eczegcw,I'm thinking I'd be wondering how I got my hands on a time machine.,"[55, 26, 2, 57, 24]","[0, 0, 0, 0, 2]",0,"[0.6176446014897122, 0.6016356815496947, 0.6184867030723337, 0.6190648651192548, 0.6009533242826137]","[0.7229642807845903, 0.040005742079616144, 0.2370299771357935]","[0.93623955, 0.01714783, 0.04661262]","[0.7800031112862332, 0.0, 0.21999688871376677]","[0.4156869482317386, 0.4841644385427255, 0.4035801919098294, 0.4339502829074469, 0.490021896742992]",0,0
eczek8d,Glad it had a positive impact on you. Welcome to the club!,"[20, 42, 39]","[0, 0, 0]",0,"[0.6105559852297808, 0.6207074149873156, 0.6144449482740086]","[0.7616987309343033, 0.04708901680504754, 0.19121225226064908]","[0.909443, 0.0452785, 0.0452785]","[1.0, 0.0, 0.0]","[0.4750806913479961, 0.3726291847027148, 0.4929427729727826]",0,0
eczemge,Yikes hope hes ok,"[37, 7, 70, 72, 36]","[0, 2, 0, 2, 0]",0,"[0.6444963944484807, 0.6351410809523286, 0.6319421061608262, 0.6004380836489553, 0.5858628932467697]","[0.6459666043473362, 0.03980765993490534, 0.3142257357177584]","[0.70538451, 0.03511903, 0.25949646]","[0.6663172780604193, 0.0, 0.3336827219395808]","[0.433741868451688, 0.2416561754868616, 0.4341085141793112, 0.436911029778012, 0.4871525092329209]",0,0
eczemh0,Oh thanks! The bot didn't link it so I didn't know,"[62, 3, 21]","[0, 0, 0]",0,"[0.6060187843990867, 0.6379395025417486, 0.6033463819899904]","[0.7617542863980973, 0.047078038885465065, 0.1911676747164376]","[0.909443, 0.0452785, 0.0452785]","[1.0, 0.0, 0.0]","[0.4476821442016212, 0.2027894090674098, 0.4800250090615335]",0,0
eczeo1v,"Anarcho-capitalism is indeed a joke, yes","[37, 27, 61]","[0, 0, 0]",0,"[0.6444963944484807, 0.6002458660526242, 0.638724013986116]","[0.763005886562495, 0.046830719089789655, 0.19016339434771543]","[0.909443, 0.0452785, 0.0452785]","[1.0, 0.0, 0.0]","[0.433741868451688, 0.4383482296832035, 0.4258289550329694]",0,0
eczep0r,Boy where is you. We use to race on the parkway in highschool lmao.,"[35, 51, 70, 19, 8]","[0, 0, 2, 0, 2]",0,"[0.600820268005786, 0.6074149763922071, 0.6319421061608262, 0.6775443213748539, 0.5713560584767133]","[0.6495720221503183, 0.03985098007559851, 0.31057699777408315]","[0.70538451, 0.03511903, 0.25949646]","[0.6157755642747479, 0.0, 0.38422443572525206]","[0.4233216491490969, 0.4775190149452751, 0.4341085141793112, 0.4289959606029276, 0.3956673918082713]",0,0
eczerhp,The person who got those wanted to stand back and watch people try and shove it into their mouths. Laughing ensued.,"[21, 51, 6]","[0, 2, 2]",0,"[0.6033463819899904, 0.6074149763922071, 0.5988554751985852]","[0.5832935232572077, 0.04733859236761824, 0.369367884375174]","[0.24472847, 0.09003057, 0.66524096]","[0.33512997204738615, 0.0, 0.6648700279526139]","[0.4800250090615335, 0.4775190149452751, 0.4748107311616123]",1,1
eczeuct,"I think he's a lustful, gluttonous, greedy, lazy, wrathful, envious, and prideful man. ","[40, 12, 38, 81, 9]","[1, 0, 0, 0, 0]",0,"[0.5849446361409999, 0.5945519284074529, 0.6403250591604528, 0.6097160001684572, 0.6975460391022821]","[0.7272963199166201, 0.1116393468100347, 0.16106433327334524]","[0.93623955, 0.04661262, 0.01714783]","[0.7628971882736832, 0.23710281172631678, 0.0]","[0.4538217271392354, 0.4322917830843267, 0.2606455687184416, 0.4563501496908652, 0.3109200645459612]",0,0
eczex23,E - Either we turn it around and make the playoffs or tank and [NAME] gets fired so win win right?,"[73, 61, 81]","[0, 0, 0]",0,"[0.6418199229986207, 0.638724013986116, 0.6097160001684572]","[0.7632395581619993, 0.046784544909018115, 0.18997589692898253]","[0.909443, 0.0452785, 0.0452785]","[1.0, 0.0, 0.0]","[0.2436859389712505, 0.4258289550329694, 0.4563501496908652]",0,0
eczez7j,"Nah... i think he made around 90... i tried searching up his pocket, and fuck me...","[24, 16, 15]","[2, 2, 0]",0,"[0.6009533242826137, 0.6057441562714276, 0.6553199614074708]","[0.5864133993163021, 0.04697709940131044, 0.3666095012823875]","[0.24472847, 0.09003057, 0.66524096]","[0.19465946443048865, 0.0, 0.8053405355695114]","[0.490021896742992, 0.4728562516980114, 0.2327379989072564]",1,1
eczezzv,"Please don‚Äôt! Don‚Äôt stop fighting! I made it through NY you can too, we all can x","[11, 46, 38, 15, 40]","[0, 0, 0, 0, 2]",0,"[0.7075753387493149, 0.6317670394229804, 0.6403250591604528, 0.6553199614074708, 0.5849446361409999]","[0.7303766486346513, 0.03921658647500121, 0.23040676489034756]","[0.93623955, 0.01714783, 0.04661262]","[0.7349822489586232, 0.0, 0.26501775104137687]","[0.2342773180805611, 0.530937499980762, 0.2606455687184416, 0.2327379989072564, 0.4538217271392354]",0,0
eczf05d,Definitely. I find if I don't exercise for a few weeks I'll gain a few pounds quick..,"[3, 37, 26, 46, 33]","[0, 0, 2, 0, 2]",0,"[0.6379395025417486, 0.6444963944484807, 0.6016356815496947, 0.6317670394229804, 0.6095460973138277]","[0.6501676086034066, 0.039672912330966856, 0.31015947906562646]","[0.70538451, 0.03511903, 0.25949646]","[0.545116426669956, 0.0, 0.45488357333004403]","[0.2027894090674098, 0.433741868451688, 0.4841644385427255, 0.530937499980762, 0.4900538078318776]",0,0
eczf0cf,I'm not really interested in collecting them but I do enjoy watching videos of people who restore old hotwheels.,"[49, 57, 26]","[0, 1, 0]",0,"[0.6214876499674086, 0.6190648651192548, 0.6016356815496947]","[0.6710985159214671, 0.13759085741701946, 0.19131062666151352]","[0.66524096, 0.24472847, 0.09003057]","[0.6778973042038907, 0.32210269579610923, 0.0]","[0.4291272872976747, 0.4339502829074469, 0.4841644385427255]",0,0
eczf1nt,There's not enough salt in the world for her!,"[38, 26, 52, 36]","[0, 0, 2, 0]",0,"[0.6403250591604528, 0.6016356815496947, 0.6180075076854642, 0.5858628932467697]","[0.6979049817280205, 0.043293712861912574, 0.2588013054100669]","[0.84379473, 0.04201007, 0.1141952, ]","[0.7405052523072237, 0.0, 0.25949474769277614]","[0.2606455687184416, 0.4841644385427255, 0.4317157797173295, 0.4871525092329209]",0,0
eczf1y3,"I am generally a happy person. If you like to pay millions of dollars to semi-literates to represent your government, it's up to you!","[35, 78, 55]","[0, 0, 0]",0,"[0.600820268005786, 0.6149199315021333, 0.6176446014897122]","[0.7612689707067427, 0.04717393866323607, 0.1915570906300212]","[0.909443, 0.0452785, 0.0452785]","[1.0, 0.0, 0.0]","[0.4233216491490969, 0.4763346903292617, 0.4156869482317386]",0,0
eczf223,Guessing the bra sizes of anime characters after having stared at them for so long... That's... an interesting hobby.,"[70, 21, 46]","[0, 2, 0]",0,"[0.6319421061608262, 0.6033463819899904, 0.6317670394229804]","[0.6745785205731992, 0.046942634171249276, 0.2784788452555515]","[0.66524096, 0.09003057, 0.24472847]","[0.6678190889252091, 0.0, 0.33218091107479075]","[0.4341085141793112, 0.4800250090615335, 0.530937499980762]",0,0
eczf23k,That's every cat's idea of fun!! Tasty human hands!,"[62, 10, 19, 66]","[0, 0, 0, 0]",0,"[0.6060187843990867, 0.6259405439241075, 0.6775443213748539, 0.7063127740450343]","[0.7857956525825396, 0.042327395715522916, 0.1718769517019376]","[0.96466316, 0.01766842, 0.01766842]","[1.0, 0.0, 0.0]","[0.4476821442016212, 0.4262931027534863, 0.4289959606029276, 0.5019739125281311]",0,0
eczf4ox,I'm confused why you reposted this from this sub. I'm even more confused why you left evidence that shows this.,"[60, 61, 4]","[0, 0, 0]",0,"[0.6283137901954777, 0.638724013986116, 0.6078254731578809]","[0.7627093192563994, 0.04688932164325196, 0.19040135910034858]","[0.909443, 0.0452785, 0.0452785]","[1.0, 0.0, 0.0]","[0.4578782014360513, 0.4258289550329694, 0.4356228837287085]",0,0
eczf5n9,"[NAME] is the type of point guard the Magic need. Efficient scorer, fast slasher, and great court vision.","[61, 4, 37]","[2, 0, 2]",0,"[0.638724013986116, 0.6078254731578809, 0.6444963944484807]","[0.5770509374608713, 0.04677920899143064, 0.37616985354769794]","[0.24472847, 0.09003057, 0.66524096]","[0.3363380174738183, 0.0, 0.6636619825261818]","[0.4258289550329694, 0.4356228837287085, 0.433741868451688]",1,1
eczf6bu,So proud our sub is leaking into facebook,"[33, 50, 57, 56, 55]","[2, 0, 0, 0, 0]",0,"[0.6095460973138277, 0.5642997144638008, 0.6190648651192548, 0.6473992945397858, 0.6176446014897122]","[0.721903733244915, 0.04000490106355642, 0.23809136569152858]","[0.93623955, 0.01714783, 0.04661262]","[0.737569748700162, 0.0, 0.26243025129983794]","[0.4900538078318776, 0.4025694504365023, 0.4339502829074469, 0.1251073365370502, 0.4156869482317386]",0,0
eczf8we,"$9?! Yeah you git ripped off, hope you kept the receipt pal r/sarcasm","[27, 62, 81, 42, 40]","[0, 0, 0, 0, 2]",0,"[0.6002458660526242, 0.6060187843990867, 0.6097160001684572, 0.6207074149873156, 0.5849446361409999]","[0.723711405689645, 0.04018604284814578, 0.23610255146220935]","[0.93623955, 0.01714783, 0.04661262]","[0.7907528820690275, 0.0, 0.20924711793097256]","[0.4383482296832035, 0.4476821442016212, 0.4563501496908652, 0.3726291847027148, 0.4538217271392354]",0,0
eczfbhc,"lol, Cause everyone knows that you lean on the Bow. What bow skin is that?","[49, 40, 55]","[0, 2, 0]",0,"[0.6214876499674086, 0.5849446361409999, 0.6176446014897122]","[0.6752255785294744, 0.04723828303435376, 0.27753613843617186]","[0.66524096, 0.09003057, 0.24472847]","[0.6505396891930756, 0.0, 0.34946031080692436]","[0.4291272872976747, 0.4538217271392354, 0.4156869482317386]",0,0
eczfbnc,come back!,"[46, 51, 67]","[2, 2, 2]",0,"[0.6317670394229804, 0.6074149763922071, 0.629455204920577]","[0.49044066597829233, 0.04693182433502015, 0.4626275096866875]","[0.0452785, 0.0452785, 0.909443, ]","[0.0, 0.0, 1.0]","[0.530937499980762, 0.4775190149452751, 0.3341654333198746]",1,1
eczfbty,happy new year buddy!,"[15, 36, 34, 50, 52]","[0, 0, 0, 0, 0]",0,"[0.6553199614074708, 0.5858628932467697, 0.6255498980629698, 0.5642997144638008, 0.6180075076854642]","[0.7973247751044835, 0.040049207914376085, 0.16262601698114032]","[0.98670329, 0.00664835, 0.00664835]","[1.0, 0.0, 0.0]","[0.2327379989072564, 0.4871525092329209, 0.365136311218101, 0.4025694504365023, 0.4317157797173295]",0,0
eczfdaa,You're dad's favorite? No fair!,"[57, 18, 76]","[0, 2, 0]",0,"[0.6190648651192548, 0.6156017437099954, 0.6277959250657631]","[0.6725748636570356, 0.04697405251720732, 0.2804510838257572]","[0.66524096, 0.09003057, 0.24472847]","[0.6742910772092414, 0.0, 0.32570892279075847]","[0.4339502829074469, 0.4310631293514207, 0.4584478109030895]",0,0
eczfe7d,I thought it would be neat to look back on predictions pre Fa and Draft.,"[30, 66, 8, 46, 81]","[0, 0, 2, 2, 0]",0,"[0.5967887714503944, 0.7063127740450343, 0.5713560584767133, 0.6317670394229804, 0.6097160001684572]","[0.6507534727663816, 0.0397190775070787, 0.3095274497265398]","[0.70538451, 0.03511903, 0.25949646]","[0.6019752770545509, 0.0, 0.39802472294544905]","[0.4430794293205314, 0.5019739125281311, 0.3956673918082713, 0.530937499980762, 0.4563501496908652]",0,0
eczfe9l,"Lol Yes Most people arent 100% either (especially women). For a variety of reasons...finding beauty in other people, curiosity, jealousy, etc...","[61, 27, 37]","[0, 0, 0]",0,"[0.638724013986116, 0.6002458660526242, 0.6444963944484807]","[0.763005886562495, 0.046830719089789655, 0.19016339434771543]","[0.909443, 0.0452785, 0.0452785]","[1.0, 0.0, 0.0]","[0.4258289550329694, 0.4383482296832035, 0.433741868451688]",0,0
eczfhoh,People like that will have children because if that's all somebody cares about only a matter of time before contraception is not used and well there ya go.,"[60, 36, 61, 30, 4]","[2, 2, 1, 0, 0]",0,"[0.6283137901954777, 0.5858628932467697, 0.638724013986116, 0.5967887714503944, 0.6078254731578809]","[0.5675786257187203, 0.11927768007436573, 0.3131436942069138]","[0.4223188, 0.1553624, 0.4223188]","[0.3906104038693975, 0.18929416439966837, 0.4200954317309342]","[0.4578782014360513, 0.4871525092329209, 0.4258289550329694, 0.4430794293205314, 0.4356228837287085]",1,0
eczflf4,Can we at least look like we‚Äôre trying,"[22, 35, 66, 19]","[0, 2, 0, 1]",0,"[0.586783889448018, 0.600820268005786, 0.7063127740450343, 0.6775443213748539]","[0.6157009222789923, 0.1320619578499329, 0.25223711987107467]","[0.57611688, 0.21194156, 0.21194156]","[0.5024849432594407, 0.25041363364876706, 0.24710142309179225]","[0.3588578552199614, 0.4233216491490969, 0.5019739125281311, 0.4289959606029276]",0,0
eczfoon,Why must you hurt me with such words?,"[37, 61, 41]","[0, 0, 1]",0,"[0.6444963944484807, 0.638724013986116, 0.5854057248122088]","[0.6772649043771122, 0.1321608401253396, 0.1905742554975481]","[0.66524096, 0.24472847, 0.09003057]","[0.649012402757935, 0.35098759724206496, 0.0]","[0.433741868451688, 0.4258289550329694, 0.4648581394010569]",0,0
eczfp6e,Just be glad he didn't make you wear it.,"[2, 24, 6]","[2, 0, 2]",0,"[0.6184867030723337, 0.6009533242826137, 0.5988554751985852]","[0.582200102019175, 0.04727833742961495, 0.37052156055121]","[0.24472847, 0.09003057, 0.66524096]","[0.35809507894660203, 0.0, 0.6419049210533979]","[0.4035801919098294, 0.490021896742992, 0.4748107311616123]",1,1
eczfq8h,I had someone do that to me on a delivery only order I was really upset it's another deceiving thing that we have to deal with on here,"[61, 22, 26]","[1, 0, 0]",0,"[0.638724013986116, 0.586783889448018, 0.6016356815496947]","[0.6674941763231484, 0.14077361600604807, 0.1917322076708034]","[0.66524096, 0.24472847, 0.09003057]","[0.664398048678165, 0.335601951321835, 0.0]","[0.4258289550329694, 0.3588578552199614, 0.4841644385427255]",0,0
eczfs6b,Incredibly frustrating.,"[61, 27, 37]","[1, 0, 1]",0,"[0.638724013986116, 0.6002458660526242, 0.6444963944484807]","[0.5765852145835088, 0.2332513910687759, 0.19016339434771543]","[0.24472847, 0.66524096, 0.09003057]","[0.3377315623908262, 0.6622684376091738, 0.0]","[0.4258289550329694, 0.4383482296832035, 0.433741868451688]",0.5,0.5
eczfslj,Saying that combo with a straight face after the fucking mess that went into the last UFC event should be hard.,"[51, 62, 46]","[2, 2, 0]",0,"[0.6074149763922071, 0.6060187843990867, 0.6317670394229804]","[0.5844132508426475, 0.04709250829492997, 0.36849424086242255]","[0.24472847, 0.09003057, 0.66524096]","[0.36462015251956525, 0.0, 0.6353798474804347]","[0.4775190149452751, 0.4476821442016212, 0.530937499980762]",1,1
eczfugs,"Congratulations, and Happy New Year! May it be as sexy and as prosperous as you could wish for. ","[37, 2, 70]","[0, 0, 0]",0,"[0.6444963944484807, 0.6184867030723337, 0.6319421061608262]","[0.7633997557757424, 0.04675288939935485, 0.18984735482490267]","[0.909443, 0.0452785, 0.0452785]","[1.0, 0.0, 0.0]","[0.433741868451688, 0.4035801919098294, 0.4341085141793112]",0,0
eczfwa0,"Is it you, Mr. [NAME]? ","[18, 3, 23]","[0, 0, 2]",0,"[0.6156017437099954, 0.6379395025417486, 0.6150219706376873]","[0.6729500935198405, 0.04693232999179385, 0.2801175764883656]","[0.66524096, 0.09003057, 0.24472847]","[0.6065722650806645, 0.0, 0.3934277349193354]","[0.4310631293514207, 0.2027894090674098, 0.411121943450264]",0,0
eczfxm4,Everyone knows the good [NAME] are the dirty little devil's,"[24, 33, 23]","[2, 2, 0]",0,"[0.6009533242826137, 0.6095460973138277, 0.6150219706376873]","[0.5836449341542075, 0.04722828586125607, 0.36912677998453647]","[0.24472847, 0.09003057, 0.66524096]","[0.295516560162296, 0.0, 0.7044834398377041]","[0.490021896742992, 0.4900538078318776, 0.411121943450264]",1,1
eczfzz7,I wanna know about the sky being LCD! You ever hear the one about the [NAME] faking the return of [NAME]?,"[2, 49, 26]","[0, 2, 2]",0,"[0.6184867030723337, 0.6214876499674086, 0.6016356815496947]","[0.582778862842997, 0.047117224430330534, 0.37010391272667253]","[0.24472847, 0.09003057, 0.66524096]","[0.306468826975454, 0.0, 0.693531173024546]","[0.4035801919098294, 0.4291272872976747, 0.4841644385427255]",1,1
eczfzzk,I drove off 170 onto 40 and was surprised by the lack of brakelights.... keep it closed haha,"[4, 76, 2]","[0, 0, 0]",0,"[0.6078254731578809, 0.6277959250657631, 0.6184867030723337]","[0.7619907706459124, 0.04703130891729012, 0.19097792043679757]","[0.909443, 0.0452785, 0.0452785]","[1.0, 0.0, 0.0]","[0.4356228837287085, 0.4584478109030895, 0.4035801919098294]",0,0
eczg08p,And it‚Äôs not like he was a bad coach. We‚Äôve been spoiled from all our great seasons.,"[51, 52, 16]","[0, 0, 2]",0,"[0.6074149763922071, 0.6180075076854642, 0.6057441562714276]","[0.672517849270887, 0.04718925659937908, 0.28029289412973396]","[0.66524096, 0.09003057, 0.24472847]","[0.6578689566485814, 0.0, 0.3421310433514186]","[0.4775190149452751, 0.4317157797173295, 0.4728562516980114]",0,0
eczg0o2,Stop trying and just do it. Then decide if it‚Äôs worth the effort. Otherwise this is just envy.,"[19, 66, 81, 67, 61]","[2, 0, 0, 1, 0]",0,"[0.6775443213748539, 0.7063127740450343, 0.6097160001684572, 0.629455204920577, 0.638724013986116]","[0.6443441534504429, 0.11520714300708303, 0.24044870354247413]","[0.78698604, 0.10650698, 0.10650698]","[0.6445972746462934, 0.15562016981810178, 0.19978255553560478]","[0.4289959606029276, 0.5019739125281311, 0.4563501496908652, 0.3341654333198746, 0.4258289550329694]",0,0
eczg2g7,I'm in the Central Time Zone in the US so I have some time to go. But Happy New Year to you man!,"[62, 4, 51]","[2, 2, 0]",0,"[0.6060187843990867, 0.6078254731578809, 0.6074149763922071]","[0.5828944265164939, 0.047257795724899125, 0.36984777775860705]","[0.24472847, 0.09003057, 0.66524096]","[0.35090430496525693, 0.0, 0.6490956950347432]","[0.4476821442016212, 0.4356228837287085, 0.4775190149452751]",1,1
eczg4ys,Happy New Year everyone!,"[50, 34, 9, 6, 21]","[0, 0, 0, 0, 0]",0,"[0.5642997144638008, 0.6255498980629698, 0.6975460391022821, 0.5988554751985852, 0.6033463819899904]","[0.7983408957836394, 0.03984841954289856, 0.16181068467346196]","[0.98670329, 0.00664835, 0.00664835]","[1.0, 0.0, 0.0]","[0.4025694504365023, 0.365136311218101, 0.3109200645459612, 0.4748107311616123, 0.4800250090615335]",0,0
eczg8gf,"Exactly....we need a car tunnel, and then let the old road to be allowed for truck traffic.","[20, 33, 67]","[2, 2, 0]",0,"[0.6105559852297808, 0.6095460973138277, 0.629455204920577]","[0.5837040337101375, 0.047062556299006277, 0.36923340999085635]","[0.24472847, 0.09003057, 0.66524096]","[0.25718883297174294, 0.0, 0.742811167028257]","[0.4750806913479961, 0.4900538078318776, 0.3341654333198746]",1,1
eczg9dp,Thank you TC for getting us to 100!,"[12, 74, 3]","[0, 0, 0]",0,"[0.5945519284074529, 0.6337493511560878, 0.6379395025417486]","[0.7624113341101224, 0.04694820436601589, 0.19064046152386158]","[0.909443, 0.0452785, 0.0452785]","[1.0, 0.0, 0.0]","[0.4322917830843267, 0.4273910885552474, 0.2027894090674098]",0,0
eczgakj,"[NAME] came back week 17. Might be coincidence, but I'd definitely keep an eye on that.","[12, 6, 55]","[2, 2, 0]",0,"[0.5945519284074529, 0.5988554751985852, 0.6176446014897122]","[0.5852698836256512, 0.04732861755032514, 0.3674014988240238]","[0.24472847, 0.09003057, 0.66524096]","[0.3142502718861456, 0.0, 0.6857497281138544]","[0.4322917830843267, 0.4748107311616123, 0.4156869482317386]",1,1
eczgflv,Can anyone tell me what happened to [NAME]?,"[46, 20, 33]","[2, 0, 2]",0,"[0.6317670394229804, 0.6105559852297808, 0.6095460973138277]","[0.5807488332451718, 0.047046677297308104, 0.3722044894575201]","[0.24472847, 0.09003057, 0.66524096]","[0.31755202397647836, 0.0, 0.6824479760235216]","[0.530937499980762, 0.4750806913479961, 0.4900538078318776]",1,1
eczghwg,Not alone my friend,"[20, 4, 18]","[2, 2, 0]",0,"[0.6105559852297808, 0.6078254731578809, 0.6156017437099954]","[0.5830071041713977, 0.04716980799215396, 0.36982308783644835]","[0.24472847, 0.09003057, 0.66524096]","[0.32126533467317203, 0.0, 0.678734665326828]","[0.4750806913479961, 0.4356228837287085, 0.4310631293514207]",1,1
eczgifx,Can PG just chill,"[38, 2, 79, 4, 15]","[0, 0, 0, 2, 0]",0,"[0.6403250591604528, 0.6184867030723337, 0.6891404192616292, 0.6078254731578809, 0.6553199614074708]","[0.727299982906372, 0.039258780072723175, 0.23344123702090472]","[0.93623955, 0.01714783, 0.04661262]","[0.7369637774030269, 0.0, 0.2630362225969731]","[0.2606455687184416, 0.4035801919098294, 0.3235460346908245, 0.4356228837287085, 0.2327379989072564]",0,0
eczgkp9,"Apart from the flashy plating, it's probably the most famous dutch restaurant and has 3 Michelin stars. I hope they don't serve mediocre food there","[34, 15, 52]","[0, 0, 0]",0,"[0.6255498980629698, 0.6553199614074708, 0.6180075076854642]","[0.76353529708101, 0.04672610604722858, 0.18973859687176137]","[0.909443, 0.0452785, 0.0452785]","[1.0, 0.0, 0.0]","[0.365136311218101, 0.2327379989072564, 0.4317157797173295]",0,0
eczgkwj,[NAME] seems to have a sloppy stride,"[4, 66, 67, 35, 19]","[1, 0, 0, 2, 0]",0,"[0.6078254731578809, 0.7063127740450343, 0.629455204920577, 0.600820268005786, 0.6775443213748539]","[0.6545851105142368, 0.11313401794644337, 0.23228087153931984]","[0.78698604, 0.10650698, 0.10650698]","[0.5956157028686582, 0.20508781057230693, 0.19929648655903484]","[0.4356228837287085, 0.5019739125281311, 0.3341654333198746, 0.4233216491490969, 0.4289959606029276]",0,0
eczgm6f,Have you guys played Vancouver recently or has [NAME] found someone else to cut his hair?,"[2, 4, 51]","[0, 0, 0]",0,"[0.6184867030723337, 0.6078254731578809, 0.6074149763922071]","[0.7612809304988065, 0.04717157537389361, 0.19154749412729982]","[0.909443, 0.0452785, 0.0452785]","[1.0, 0.0, 0.0]","[0.4035801919098294, 0.4356228837287085, 0.4775190149452751]",0,0
eczgmqi,"I don‚Äôt know about romance, but I can certainly speak for the [NAME]","[7, 61, 4, 30]","[0, 0, 0, 0]",0,"[0.6351410809523286, 0.638724013986116, 0.6078254731578809, 0.5967887714503944]","[0.781861938365943, 0.04310470896936255, 0.17503335266469452]","[0.96466316, 0.01766842, 0.01766842]","[1.0, 0.0, 0.0]","[0.2416561754868616, 0.4258289550329694, 0.4356228837287085, 0.4430794293205314]",0,0
eczgmt3,Yuuuuuuuuuup. It's horrible.,"[6, 70, 18]","[0, 0, 0]",0,"[0.5988554751985852, 0.6319421061608262, 0.6156017437099954]","[0.7617227816195885, 0.04708426432039647, 0.191192954060015]","[0.909443, 0.0452785, 0.0452785]","[1.0, 0.0, 0.0]","[0.4748107311616123, 0.4341085141793112, 0.4310631293514207]",0,0
eczgo88,So many insecure balding guys itt.,"[15, 4, 50, 41, 70]","[2, 0, 2, 1, 0]",0,"[0.6553199614074708, 0.6078254731578809, 0.5642997144638008, 0.5854057248122088, 0.6319421061608262]","[0.5728458897171508, 0.11283862773514325, 0.31431548254770586]","[0.4223188, 0.1553624, 0.4223188]","[0.44151110631720397, 0.23598093836923117, 0.32250795531356485]","[0.2327379989072564, 0.4356228837287085, 0.4025694504365023, 0.4648581394010569, 0.4341085141793112]",0,0
eczgocp,Online is still in beta. GTA online spent months having disconnect issues and still has them from time to time even 5 years later,"[20, 40, 37]","[2, 0, 2]",0,"[0.6105559852297808, 0.5849446361409999, 0.6444963944484807]","[0.5780124815695394, 0.04712833568772274, 0.37485918274273794]","[0.24472847, 0.09003057, 0.66524096]","[0.33304489769572415, 0.0, 0.6669551023042759]","[0.4750806913479961, 0.4538217271392354, 0.433741868451688]",1,1
eczgoz7,Anyone going to The Federal in North Hollywood tonight? I‚Äôve never been and I‚Äôm wondering what the crowd will be like.,"[81, 49, 55]","[0, 0, 0]",0,"[0.6097160001684572, 0.6214876499674086, 0.6176446014897122]","[0.7618079818439742, 0.04706742851077773, 0.19112458964524798]","[0.909443, 0.0452785, 0.0452785]","[1.0, 0.0, 0.0]","[0.4563501496908652, 0.4291272872976747, 0.4156869482317386]",0,0
eczgpmf,"Haha yea few cars drive worse than a Versa. Aside from performance, what are some must haves/wants?","[22, 75, 20]","[0, 0, 0]",0,"[0.586783889448018, 0.6362986926580664, 0.6105559852297808]","[0.7612778359545209, 0.047172186864753225, 0.1915499771807258]","[0.909443, 0.0452785, 0.0452785]","[1.0, 0.0, 0.0]","[0.3588578552199614, 0.4288338576917094, 0.4750806913479961]",0,0
eczgrcd,Yup. I don't want to soil the paper unless I have something very interesting to write about.,"[58, 10, 36, 7, 4]","[0, 2, 0, 0, 0]",0,"[0.6074334043378428, 0.6259405439241075, 0.5858628932467697, 0.6351410809523286, 0.6078254731578809]","[0.7200167968660033, 0.039983818274756486, 0.23999938485924016]","[0.93623955, 0.01714783, 0.04661262]","[0.7794842036243046, 0.0, 0.22051579637569552]","[0.3424388924059806, 0.4262931027534863, 0.4871525092329209, 0.2416561754868616, 0.4356228837287085]",0,0
eczgs03,Weird flex but okay,"[6, 12, 15, 24]","[0, 2, 0, 1]",0,"[0.5988554751985852, 0.5945519284074529, 0.6553199614074708, 0.6009533242826137]","[0.6205412879171035, 0.12393967449823733, 0.25551903758465916]","[0.57611688, 0.21194156, 0.21194156]","[0.4341156196822377, 0.30065230891128014, 0.2652320714064822]","[0.4748107311616123, 0.4322917830843267, 0.2327379989072564, 0.490021896742992]",0,0
eczgu3o,I'm so glad you're annoyed.,"[18, 70, 15]","[1, 0, 0]",0,"[0.6156017437099954, 0.6319421061608262, 0.6553199614074708]","[0.6744912267951924, 0.13587975147967657, 0.18962902172513113]","[0.66524096, 0.24472847, 0.09003057]","[0.607378319044349, 0.39262168095565103, 0.0]","[0.4310631293514207, 0.4341085141793112, 0.2327379989072564]",0,0
eczgv1o,It might be linked to the trust factor of your friend.,"[61, 16, 20]","[2, 0, 2]",0,"[0.638724013986116, 0.6057441562714276, 0.6105559852297808]","[0.5797796009210155, 0.04702502400469448, 0.3731953750742899]","[0.24472847, 0.09003057, 0.66524096]","[0.34420438908786133, 0.0, 0.6557956109121387]","[0.4258289550329694, 0.4728562516980114, 0.4750806913479961]",1,1
eczgvrc,This is what happens when untrained people playing at being detectives and judges run into actual detectives and judges.,"[40, 66, 19, 55, 26]","[2, 1, 1, 0, 0]",0,"[0.5849446361409999, 0.7063127740450343, 0.6775443213748539, 0.6176446014897122, 0.6016356815496947]","[0.5603191672676846, 0.20837783107717564, 0.23130300165513984]","[0.4223188, 0.4223188, 0.1553624]","[0.3938695856976954, 0.40749030741791786, 0.19864010688438677]","[0.4538217271392354, 0.5019739125281311, 0.4289959606029276, 0.4156869482317386, 0.4841644385427255]",0.5,0
eczgvx1,Am yisrael chai is a phrase we should never take for granted.,"[51, 23, 1, 50]","[0, 0, 2, 0]",0,"[0.6074149763922071, 0.6150219706376873, 0.5838376231644172, 0.5642997144638008]","[0.6994564433229596, 0.043735761016009435, 0.25680779566103096]","[0.84379473, 0.04201007, 0.1141952, ]","[0.7910607286429675, 0.0, 0.20893927135703258]","[0.4775190149452751, 0.411121943450264, 0.3410415309742241, 0.4025694504365023]",0,0
eczgvxw,The kids aren‚Äôt doing anything stupid here... cause it‚Äôs a fake video. I feel like this is in the wrong sub.,"[79, 24, 9, 74, 52]","[1, 2, 0, 1, 0]",0,"[0.6891404192616292, 0.6009533242826137, 0.6975460391022821, 0.6337493511560878, 0.6180075076854642]","[0.5685140263914626, 0.199680573404842, 0.23180540020369528]","[0.4223188, 0.4223188, 0.1553624]","[0.3743888722676245, 0.37857383923461146, 0.24703728849776402]","[0.3235460346908245, 0.490021896742992, 0.3109200645459612, 0.4273910885552474, 0.4317157797173295]",0.5,0
eczgx3b,It‚Äôs never been good lol,"[26, 4, 35]","[0, 0, 0]",0,"[0.6016356815496947, 0.6078254731578809, 0.600820268005786]","[0.7604590932676752, 0.04733397277672524, 0.1922069339555994]","[0.909443, 0.0452785, 0.0452785]","[1.0, 0.0, 0.0]","[0.4841644385427255, 0.4356228837287085, 0.4233216491490969]",0,0
eczgxa1,"I'm not rotting, I'm drinking.","[38, 81, 37, 77, 2]","[0, 2, 0, 2, 1]",0,"[0.6403250591604528, 0.6097160001684572, 0.6444963944484807, 0.6129136809068063, 0.6184867030723337]","[0.5726699563080384, 0.11578286682988469, 0.3115471768620769]","[0.4223188, 0.1553624, 0.4223188]","[0.3456490160517052, 0.2008923099186386, 0.4534586740296562]","[0.2606455687184416, 0.4563501496908652, 0.433741868451688, 0.4546202043370378, 0.4035801919098294]",1,0
eczgz0k,"The character [NAME], is it only useable in Blackout mode? Or can you use it in multiplayer?","[62, 33, 76]","[2, 2, 0]",0,"[0.6060187843990867, 0.6095460973138277, 0.6277959250657631]","[0.5839900965046324, 0.04710517018849002, 0.3689047333068777]","[0.24472847, 0.09003057, 0.66524096]","[0.3283577871861494, 0.0, 0.6716422128138506]","[0.4476821442016212, 0.4900538078318776, 0.4584478109030895]",1,1
eczh1pf,[NAME] speed!,"[37, 57, 18]","[0, 0, 0]",0,"[0.6444963944484807, 0.6190648651192548, 0.6156017437099954]","[0.7628576345230116, 0.04686001411958946, 0.1902823513573989]","[0.909443, 0.0452785, 0.0452785]","[1.0, 0.0, 0.0]","[0.433741868451688, 0.4339502829074469, 0.4310631293514207]",0,0
